-- Question 59

Create table If Not Exists Movies (movie_id int, title varchar(30));
Create table If Not Exists Users (user_id int, name varchar(30));
Create table If Not Exists MovieRating (movie_id int, user_id int, rating int, created_at date);
Truncate table Movies;
insert into Movies (movie_id, title) values ('1', 'Avengers');
insert into Movies (movie_id, title) values ('2', 'Frozen 2');
insert into Movies (movie_id, title) values ('3', 'Joker');
Truncate table Users;
insert into Users (user_id, name) values ('1', 'Daniel');
insert into Users (user_id, name) values ('2', 'Monica');
insert into Users (user_id, name) values ('3', 'Maria');
insert into Users (user_id, name) values ('4', 'James');
Truncate table MovieRating;
insert into MovieRating (movie_id, user_id, rating, created_at) values ('1', '1', '3', '2020-01-12');
insert into MovieRating (movie_id, user_id, rating, created_at) values ('1', '2', '4', '2020-02-11');
insert into MovieRating (movie_id, user_id, rating, created_at) values ('1', '3', '2', '2020-02-12');
insert into MovieRating (movie_id, user_id, rating, created_at) values ('1', '4', '1', '2020-01-01');
insert into MovieRating (movie_id, user_id, rating, created_at) values ('2', '1', '5', '2020-02-17');
insert into MovieRating (movie_id, user_id, rating, created_at) values ('2', '2', '2', '2020-02-01');
insert into MovieRating (movie_id, user_id, rating, created_at) values ('2', '3', '2', '2020-03-01');
insert into MovieRating (movie_id, user_id, rating, created_at) values ('3', '1', '3', '2020-02-22');
insert into MovieRating (movie_id, user_id, rating, created_at) values ('3', '2', '4', '2020-02-25');

with modified_table as (select avg(mt.rating) as average, mt.title from (select m.movie_id as movie_id, m.rating as rating, m.created_at as created_at, mm.title as title from MovieRating m inner join Movies mm on m.movie_id = mm.movie_id order by mm.title ) as mt where month(mt.created_at) = 2 group by mt.movie_id, mt.title)
(select mr.name as show1 from (select distinct m.movie_id as movie_id, m.user_id as user_id, m.created_at as created_at, u.name as name from MovieRating as m inner join Users as u on m.user_id = u.user_id order by u.name ) as mr group by mr.user_id,mr.name limit 1)
union
(select title as show1 from modified_table order by average desc limit 1);

